Company;Contact;Country;Price;Item
Salon Suites;+87747704281;Kyrgyzstan;48257₽;secretary
Salon Suites;+86875866940;Bulgaria;32250₽;emphasis
Salon Suites;+66224850302;Saint Lucia;20443₽;employee
Dapper Designs;+36426135312;Burundi;16082₽;enthusiasm
Chic Couture;+35396029954;Guatemala;65710₽;midnight
Modish Mannequins;+94659275584;Dominican Republic;58835₽;perception
Refined Rags;+51189234383;Spain;25946₽;contract
Brow Boosters;+7478822494;Moldova;35056₽;cell
Sophisticated Sewing;+53212150878;Saint Lucia;16217₽;republic
Modish Mannequins;+52192030867;Ireland;84835₽;selection
Stellar Stitches;+92368284117;Tuvalu;45131₽;opinion
Smart Styles;+51566244653;Kosovo;71991₽;injury
Brow Boosters;+66371500698;Nauru;60664₽;family
Classy Collections;+67407209477;Uzbekistan;27860₽;dealer
Modern Maven;+43881530650;Georgia;11704₽;ladder
Nail Nook;+36329511238;Marshall Islands;65150₽;nature
Nail Nook;+12567700098;Barbados;75676₽;pie
Skin Studio;+79737325433;Saint Kitts and Nevis;58304₽;payment
Nail Nook;+70446281456;South Africa;78879₽;topic
Nail Nook;+55770816570;Gabon;62259₽;steak
Brow Boosters;+22552573818;Hungary;20299₽;administration
Chic Couture;+51155562322;Madagascar;85027₽;preparation
Crisp Creations;+6016256541;Slovenia;88880₽;entry
Trendy Threads;+61400086483;Djibouti;11744₽;perception
Body Bliss;+32514396211;Lesotho;78353₽;family
Glow Getter;+90308842601;East Timor (Timor-Leste);70226₽;cookie
Lash Lounge;+44279157641;Serbia;36922₽;classroom
Fashion Forward;+9704695660;Cuba;71436₽;selection
Dapper Designs;+77251786612;Saint Lucia;56846₽;classroom
Fine Fabrics;+13300482600;Tajikistan;30196₽;explanation
Nail Nook;+87162105175;Luxembourg;67324₽;office
Salon Suites;+15334617456;Maldives;89704₽;entry
Body Bliss;+0207110691;Azerbaijan;35809₽;perception
Elite Elegance;+1883775704;Belarus;64403₽;nature
Chic Couture;+80196163177;Belarus;28606₽;pizza
Brow Boosters;+19542748314;Tuvalu;82703₽;thanks
Glamour Galore;+9447036759;Spain;50682₽;passenger
Nail Nook;+76501793374;Yemen;47414₽;language
Fashion Forward;+46121856768;Barbados;13302₽;organization
Sleek Styles;+81529739159;China;44018₽;agreement
Clipper Cuts;+77736248868;Thailand;10406₽;midnight
Stylish Silhouettes;+83655776469;Central African Republic;73974₽;classroom
Refined Rags;+47539765693;Suriname;14208₽;height
Elegant Ensembles;+32762681108;Congo, Republic of the;27750₽;wood
Classy Collections;+34189401538;Saint Vincent and the Grenadines;48748₽;republic
Trendsetting Tailors;+3472573917;Botswana;84355₽;nature
Posh Patterns;+393742192;Chile;15374₽;cell
Beauty Bar;+17353773649;Vatican City (Holy See);81411₽;classroom
Classy Chic;+85226029525;Yemen;62701₽;analyst
Haute Hues;+77426718005;Iraq;40811₽;revenue
Clipper Cuts;+16897446823;Kyrgyzstan;45175₽;advice
Salon Suites;+42637519802;Tunisia;47748₽;selection
Sophisticated Sewing;+91705260560;Eritrea;44576₽;drawer
Dapper Designs;+8245477315;Sierra Leone;12926₽;revolution
Elite Elegance;+80437251559;Korea, South;48243₽;nature
Posh Patterns;+6841818844;Brazil;19292₽;classroom
Skin Studio;+74748210286;Norway;15619₽;administration
Body Bliss;+17710314011;Marshall Islands;43369₽;community
Modish Mannequins;+51895525123;Haiti;19276₽;series
Lash Lounge;+66757252886;Germany;63348₽;love
Dapper Designs;+72818780297;Laos;19334₽;advertising
Salon Suites;+16383643285;Equatorial Guinea;99204₽;agreement
Refined Rags;+88238550808;Cambodia;70535₽;advice
Skin Studio;+64406311876;Jordan;76182₽;oven
Trendy Threads;+62186757341;Iran;22874₽;departure
Trendy Threads;+1485137513;Samoa;86786₽;county
Trendy Threads;+2559636531;Micronesia, Federated States of;92105₽;contribution
Stylish Silhouettes;+23850719084;Greece;26301₽;nature
Glow Getter;+99845468431;Iceland;41855₽;hair
Fine Fabrics;+75771228625;Qatar;18621₽;enthusiasm
Lash Lounge;+95270886192;Argentina;60207₽;weakness
Clipper Cuts;+18674749485;Namibia;38341₽;proposal
Refined Rags;+89179769795;Taiwan;62948₽;employee
Trendy Threads;+41717979050;Niger;17011₽;map
Sophisticated Sewing;+48789322868;Malawi;30877₽;distribution
Posh Patterns;+11488587917;India;83041₽;addition
Makeup Maven;+94670058682;Tuvalu;95712₽;oven
Stellar Stitches;+56802339493;Seychelles;33001₽;hat
Refined Rags;+29424946489;Egypt;80079₽;cell
Elite Elegance;+25441901450;San Marino;70422₽;pie
Classy Chic;+60612960336;Slovakia;56965₽;distribution
Fashion Forward;+78300164293;Egypt;19698₽;employment
Skin Studio;+69769479262;Turkey;76213₽;love
Elite Elegance;+41368945412;Japan;32410₽;cell
Stellar Stitches;+58112605287;Tajikistan;15004₽;elevator
Sleek Styles;+13252365481;Kenya;15556₽;assumption
Haute Hues;+38209792013;Finland;64288₽;hair
Fashion Fusion;+55532162810;Belgium;33425₽;injury
Glamour Galore;+54227286861;Malawi;61331₽;secretary
Refined Rags;+25765631805;Moldova;12335₽;departure
Posh Patterns;+2397736365;Comoros;60386₽;distribution
Trendsetting Tailors;+37334213473;Turkmenistan;45181₽;computer
Stylish Silhouettes;+31290845863;Mexico;78492₽;assumption
Crisp Creations;+5329316286;Nigeria;93362₽;topic
Modern Maven;+50319873886;Dominican Republic;65724₽;oven
Modish Mannequins;+38115086049;Egypt;76455₽;signature
Fashion Forward;+9781139339;Nigeria;90376₽;midnight
Wellness World;+6298744803;Malaysia;50020₽;dad
